"id_account","date","instrument_type","quantity","value_ars"
1001,2024-01-31,stock,2.98,28628.24
1001,2024-03-01,stablecoin_usdc,4.03,21146.13
1001,2024-03-31,stock,5.3,20757.86
1001,2024-04-30,stock,5.83,56213.3
1002,2024-01-31,bond,3.11,32825.75
1002,2024-03-01,bond,4.5,52070.92
1002,2024-03-31,bond,7.67,25699.45
1003,2024-01-31,bond,4.9,22481.71
1003,2024-03-01,stock,2.22,4524.87
1004,2024-01-31,stablecoin_usdc,4.64,68537.42
1005,2024-01-31,stock,3.69,20149.1
1005,2024-03-01,bond,5.73,36403.29
1005,2024-03-31,stablecoin_usdc,5.43,39343.61
1006,2024-01-31,stock,4.76,7956.56
1006,2024-03-01,bond,5.17,56713.1
1007,2024-01-31,bond,6.55,30303.9
1007,2024-03-01,stock,7.08,16912.16
1007,2024-03-31,bond,2.23,8617.41
1008,2024-01-31,stablecoin_usdc,0.24,2833.27
1008,2024-03-01,stablecoin_usdc,7.08,63329.2
1008,2024-03-31,stablecoin_usdc,6.02,7273.16
1008,2024-04-30,bond,2.55,28669.76
1009,2024-01-31,stock,3.94,16411.63
1010,2024-01-31,stock,3.15,46892.5
1011,2024-01-31,stock,1.37,5678.57
1011,2024-03-01,stablecoin_usdc,8.8,17602.81
1011,2024-03-31,stablecoin_usdc,7.3,45186.63
1011,2024-04-30,stock,0.32,543.14
1012,2024-01-31,stablecoin_usdc,0.74,4561.59
1013,2024-01-31,stablecoin_usdc,3.33,37261.63
1013,2024-03-01,stock,5.59,28067.26
1013,2024-03-31,stock,1.45,19677.03
1014,2024-01-31,stock,3.6,51489.11
1014,2024-03-01,stablecoin_usdc,3.72,53175.28
1014,2024-03-31,stock,2.39,19421.26
1014,2024-04-30,stock,2.75,35523.43
1015,2024-01-31,stablecoin_usdc,4.61,16036.25
1016,2024-01-31,stablecoin_usdc,3.71,47981.86
1016,2024-03-01,stablecoin_usdc,6.14,37446.82
1016,2024-03-31,stablecoin_usdc,4.87,58270.04
1016,2024-04-30,stablecoin_usdc,4.97,32380.64
1017,2024-01-31,bond,2.37,19843.99
1017,2024-03-01,bond,6.6,8305.45
1017,2024-03-31,stablecoin_usdc,1.83,15037.05
1018,2024-01-31,stock,7.25,39867.14
1018,2024-03-01,bond,2.92,33681.1
1018,2024-03-31,stock,1.91,21979.01
1018,2024-04-30,bond,0.55,1982.46
1019,2024-01-31,bond,9.77,110953.0
1020,2024-01-31,stablecoin_usdc,2.68,26910.05
1021,2024-01-31,bond,9.49,39358.64
1022,2024-01-31,bond,5.01,59118.1
1022,2024-03-01,stablecoin_usdc,2.1,8389.65
1022,2024-03-31,stock,6.71,82459.02
1022,2024-04-30,bond,4.48,35453.39
1023,2024-01-31,bond,9.18,100013.47
1023,2024-03-01,bond,6.73,66332.94
1024,2024-01-31,stablecoin_usdc,7.19,41861.16
1025,2024-01-31,bond,3.46,43148.53
1025,2024-03-01,stablecoin_usdc,6.75,25289.07
1025,2024-03-31,stock,4.14,24350.81
1026,2024-01-31,bond,1.06,6272.06
1026,2024-03-01,stock,5.3,75579.95
1027,2024-01-31,stablecoin_usdc,6.61,12524.35
1027,2024-03-01,stablecoin_usdc,3.79,44985.33
1027,2024-03-31,stock,7.79,42824.53
1028,2024-01-31,stablecoin_usdc,2.64,12050.36
1029,2024-01-31,stablecoin_usdc,6.39,20336.93
1029,2024-03-01,bond,2.1,14734.51
1029,2024-03-31,stock,1.43,9597.99
1030,2024-01-31,stock,8.18,83210.31
1030,2024-03-01,bond,0.35,4881.26
1030,2024-03-31,bond,1.15,16754.77
1030,2024-04-30,stablecoin_usdc,1.3,7913.74
1031,2024-01-31,stock,5.12,74392.22
1032,2024-01-31,stablecoin_usdc,8.91,90100.63
1032,2024-03-01,stock,4.08,49723.07
1032,2024-03-31,bond,2.99,8382.12
1033,2024-01-31,stablecoin_usdc,6.8,71064.44
1033,2024-03-01,stablecoin_usdc,0.63,5048.55
1033,2024-03-31,bond,8.59,21153.92
1033,2024-04-30,bond,2.88,25330.11
1034,2024-01-31,stock,1.43,17727.62
1035,2024-01-31,stock,9.5,54657.35
1035,2024-03-01,bond,6.76,47686.82
1035,2024-03-31,stablecoin_usdc,9.7,14953.42
1035,2024-04-30,bond,6.49,83357.87
1036,2024-01-31,stock,7.3,109431.52
1036,2024-03-01,stablecoin_usdc,2.88,39580.14
1037,2024-01-31,stablecoin_usdc,4.55,39187.67
1038,2024-01-31,stock,9.33,58251.91
1038,2024-03-01,bond,5.6,37364.25
1039,2024-01-31,stablecoin_usdc,6.98,12401.89
1039,2024-03-01,bond,8.21,17392.98
1039,2024-03-31,bond,1.83,19524.91
1039,2024-04-30,stablecoin_usdc,3.67,35125.3
1040,2024-01-31,bond,0.76,3057.58
1041,2024-01-31,stablecoin_usdc,3.19,26162.36
1041,2024-03-01,bond,5.43,65650.7
1041,2024-03-31,stock,3.07,9962.88
1042,2024-01-31,bond,8.44,35616.85
1042,2024-03-01,stablecoin_usdc,4.39,53982.03
1042,2024-03-31,bond,8.91,116067.44
1043,2024-01-31,stock,0.7,1498.6
1043,2024-03-01,stock,4.7,68590.3
1043,2024-03-31,stock,3.32,4499.27
1043,2024-04-30,bond,4.2,10474.77
1044,2024-01-31,stock,8.07,34065.11
1044,2024-03-01,bond,0.42,2164.7
1044,2024-03-31,stablecoin_usdc,4.27,62212.09
1045,2024-01-31,bond,5.96,77577.34
1045,2024-03-01,bond,6.26,64249.2
1046,2024-01-31,stablecoin_usdc,3.27,18812.03
1046,2024-03-01,stablecoin_usdc,8.28,49043.01
1046,2024-03-31,stock,2.3,34489.48
1047,2024-01-31,stock,7.74,31948.98
1047,2024-03-01,bond,8.76,114077.25
1047,2024-03-31,stablecoin_usdc,1.71,11471.3
1047,2024-04-30,stock,8.54,46208.09
1048,2024-01-31,bond,4.91,29237.49
1048,2024-03-01,stock,3.85,13204.92
1048,2024-03-31,stock,5.81,59290.58
1049,2024-01-31,stock,3.97,56580.02
1049,2024-03-01,stablecoin_usdc,1.67,23242.29
1050,2024-01-31,stock,9.38,106117.76
1050,2024-03-01,stock,5.74,61398.42
1051,2024-01-31,bond,8.8,52768.68
1052,2024-01-31,stablecoin_usdc,2.22,3394.29
1052,2024-03-01,stablecoin_usdc,5.76,26220.72
1053,2024-01-31,bond,0.8,8516.3
1053,2024-03-01,stablecoin_usdc,4.85,63950.9
1054,2024-01-31,stablecoin_usdc,7.55,62286.25
1054,2024-03-01,stablecoin_usdc,5.68,48066.59
1054,2024-03-31,bond,5.95,32171.64
1054,2024-04-30,stablecoin_usdc,5.49,16295.35
1055,2024-01-31,stablecoin_usdc,6.79,101244.99
1055,2024-03-01,stablecoin_usdc,5.18,54185.16
1055,2024-03-31,stock,4.01,30188.25
1056,2024-01-31,stablecoin_usdc,5.27,19544.65
1057,2024-01-31,stock,0.41,5549.57
1057,2024-03-01,stablecoin_usdc,0.52,7122.03
1057,2024-03-31,stablecoin_usdc,4.66,41616.28
1057,2024-04-30,bond,4.71,10872.35
1058,2024-01-31,stablecoin_usdc,4.94,18146.02
1058,2024-03-01,stablecoin_usdc,4.22,47248.88
1058,2024-03-31,stock,1.03,4884.89
1059,2024-01-31,stablecoin_usdc,9.69,130043.3
1059,2024-03-01,stablecoin_usdc,1.31,18593.67
1060,2024-01-31,bond,3.18,25010.74
1060,2024-03-01,stock,4.12,13743.23
1060,2024-03-31,stock,7.52,64302.58
1061,2024-01-31,stock,1.41,13164.76
1062,2024-01-31,bond,9.38,31315.93
1062,2024-03-01,bond,7.57,16999.63
1063,2024-01-31,bond,8.15,11961.28
1063,2024-03-01,stock,2.29,4914.48
1064,2024-01-31,stock,2.32,20250.01
1064,2024-03-01,bond,9.12,56139.79
1064,2024-03-31,stock,4.49,54469.2
1065,2024-01-31,stablecoin_usdc,2.81,7976.26
1065,2024-03-01,stablecoin_usdc,0.71,2259.83
1066,2024-01-31,stock,5.11,32358.52
1066,2024-03-01,stock,3.98,54402.67
1066,2024-03-31,stock,1.14,13412.45
1067,2024-01-31,bond,7.44,83942.23
1068,2024-01-31,stock,2.19,18643.04
1068,2024-03-01,stock,8.28,93057.52
1069,2024-01-31,stock,0.81,1332.15
1069,2024-03-01,stablecoin_usdc,3.69,41614.87
1069,2024-03-31,stablecoin_usdc,4.16,41088.65
1070,2024-01-31,stock,8.99,74367.1
1070,2024-03-01,stablecoin_usdc,2.17,3093.47
1070,2024-03-31,bond,4.29,14646.81
1070,2024-04-30,bond,5.34,61694.35
1071,2024-01-31,bond,2.13,13195.15
1072,2024-01-31,stablecoin_usdc,0.28,3112.05
1072,2024-03-01,stock,6.47,88189.12
1072,2024-03-31,stock,8.53,101158.68
1072,2024-04-30,stablecoin_usdc,3.31,34769.22
1073,2024-01-31,stablecoin_usdc,1.71,9129.72
1073,2024-03-01,stablecoin_usdc,6.64,40527.82
1074,2024-01-31,stock,1.3,3418.53
1074,2024-03-01,stock,7.74,9930.77
1074,2024-03-31,bond,4.75,27809.54
1075,2024-01-31,stablecoin_usdc,8.56,11232.64
1075,2024-03-01,stablecoin_usdc,3.74,25504.01
1076,2024-01-31,stablecoin_usdc,1.87,21685.21
1076,2024-03-01,stock,6.66,69327.08
1076,2024-03-31,stablecoin_usdc,3.32,42121.43
1076,2024-04-30,stock,3.36,28477.32
1077,2024-01-31,bond,2.17,16929.23
1077,2024-03-01,stock,8.45,93390.13
1077,2024-03-31,stablecoin_usdc,3.45,30579.21
1078,2024-01-31,bond,6.04,88652.67
1078,2024-03-01,bond,1.83,10166.88
1079,2024-01-31,bond,6.37,57119.39
1079,2024-03-01,stock,6.75,100323.12
1079,2024-03-31,stablecoin_usdc,5.4,74869.05
1080,2024-01-31,bond,7.47,94729.24
1080,2024-03-01,stablecoin_usdc,2.15,20861.05
1080,2024-03-31,bond,1.97,17664.22
1081,2024-01-31,stablecoin_usdc,7.86,41074.38
1082,2024-01-31,bond,8.21,95724.01
1082,2024-03-01,stock,9.03,124764.1
1083,2024-01-31,bond,1.29,17751.97
1083,2024-03-01,stock,1.5,16418.14
1083,2024-03-31,stock,2.82,35780.35
1084,2024-01-31,stablecoin_usdc,0.66,1145.03
1085,2024-01-31,stock,4.47,8577.0
1085,2024-03-01,stock,1.11,8780.12
1086,2024-01-31,stablecoin_usdc,4.29,46489.78
1086,2024-03-01,stablecoin_usdc,0.2,1982.12
1086,2024-03-31,stock,3.05,31129.26
1086,2024-04-30,bond,6.31,22807.17
1087,2024-01-31,bond,5.34,70844.96
1087,2024-03-01,stock,6.74,8562.88
1087,2024-03-31,stock,8.76,29732.77
1088,2024-01-31,stablecoin_usdc,2.36,12845.98
1088,2024-03-01,bond,3.58,21678.31
1088,2024-03-31,stock,6.0,87561.93
1089,2024-01-31,bond,5.84,5928.87
1090,2024-01-31,stock,5.75,35212.71
1090,2024-03-01,stablecoin_usdc,8.97,43458.9
1090,2024-03-31,stablecoin_usdc,8.23,71123.92
1091,2024-01-31,stablecoin_usdc,2.58,24027.96
1091,2024-03-01,stablecoin_usdc,3.31,32806.81
1091,2024-03-31,stock,5.38,62555.89
1092,2024-01-31,stablecoin_usdc,1.23,3619.72
1092,2024-03-01,bond,4.42,7155.76
1092,2024-03-31,stablecoin_usdc,7.68,15113.22
1092,2024-04-30,stock,2.53,36738.34
1093,2024-01-31,bond,8.81,33444.52
1093,2024-03-01,stablecoin_usdc,6.19,10297.56
1094,2024-01-31,stock,2.33,31839.88
1094,2024-03-01,stock,5.58,62662.82
1094,2024-03-31,stablecoin_usdc,2.61,13813.13
1094,2024-04-30,bond,1.41,14524.16
1095,2024-01-31,stock,4.39,16538.86
1096,2024-01-31,stock,6.49,32145.78
1096,2024-03-01,bond,9.55,28573.67
1097,2024-01-31,stock,0.77,1935.97
1097,2024-03-01,stablecoin_usdc,3.04,5532.43
1097,2024-03-31,stablecoin_usdc,9.45,112592.22
1098,2024-01-31,stablecoin_usdc,1.39,13843.05
1099,2024-01-31,stock,8.62,10216.75
1099,2024-03-01,bond,0.29,3159.9
1099,2024-03-31,stablecoin_usdc,4.48,11670.22
1099,2024-04-30,stock,0.78,9804.27
1100,2024-01-31,stock,6.92,96407.02
1101,2024-01-31,bond,5.08,38016.95
1102,2024-01-31,stablecoin_usdc,5.94,67728.04
1102,2024-03-01,stock,8.52,69355.11
1103,2024-01-31,stablecoin_usdc,3.69,52849.84
1103,2024-03-01,stablecoin_usdc,4.44,56808.43
1103,2024-03-31,bond,8.64,56148.36
1103,2024-04-30,bond,9.65,64241.28
1104,2024-01-31,stablecoin_usdc,1.19,16552.06
1104,2024-03-01,stablecoin_usdc,3.27,4972.13
1104,2024-03-31,stock,4.35,50539.96
1105,2024-01-31,stablecoin_usdc,2.52,28239.59
1105,2024-03-01,bond,5.62,25595.34
1106,2024-01-31,stock,2.27,20631.31
1107,2024-01-31,stock,4.4,12730.04
1107,2024-03-01,bond,1.99,26589.7
1108,2024-01-31,stock,2.07,14399.0
1108,2024-03-01,bond,3.87,4874.94
1108,2024-03-31,stock,2.9,22446.28
1108,2024-04-30,bond,8.19,121691.04
1109,2024-01-31,stock,0.21,709.19
1109,2024-03-01,stablecoin_usdc,9.91,71664.7
1109,2024-03-31,stablecoin_usdc,2.61,30513.11
1110,2024-01-31,stablecoin_usdc,3.3,28501.55
1110,2024-03-01,bond,9.71,67426.33
1110,2024-03-31,bond,4.27,54459.3
1111,2024-01-31,stock,2.0,18270.97
1112,2024-01-31,bond,4.05,10833.05
1112,2024-03-01,stock,0.82,1953.87
1112,2024-03-31,bond,0.97,10246.23
1113,2024-01-31,stablecoin_usdc,5.99,30381.85
1114,2024-01-31,stablecoin_usdc,7.65,35154.72
1114,2024-03-01,stablecoin_usdc,5.35,67616.17
1114,2024-03-31,stablecoin_usdc,5.99,55415.1
1115,2024-01-31,bond,4.81,17793.28
1115,2024-03-01,bond,9.8,73516.08
1115,2024-03-31,bond,6.38,85598.51
1116,2024-01-31,stock,3.39,46138.45
1116,2024-03-01,stablecoin_usdc,1.26,6540.48
1116,2024-03-31,stablecoin_usdc,4.49,34927.63
1117,2024-01-31,stablecoin_usdc,8.97,61037.99
1117,2024-03-01,stablecoin_usdc,3.99,50150.65
1117,2024-03-31,stock,6.26,8448.45
1117,2024-04-30,bond,4.36,43920.99
1118,2024-01-31,stock,4.75,42053.61
1118,2024-03-01,bond,2.45,5234.74
1118,2024-03-31,bond,3.99,19592.71
1118,2024-04-30,stablecoin_usdc,0.42,1204.39
1119,2024-01-31,stock,2.2,28613.7
1119,2024-03-01,stock,8.32,26306.25
1119,2024-03-31,bond,4.39,47594.27
1120,2024-01-31,bond,9.88,118261.47
1120,2024-03-01,bond,8.31,78511.6
1120,2024-03-31,stablecoin_usdc,5.62,50999.54
1120,2024-04-30,stablecoin_usdc,8.9,93079.74
1121,2024-01-31,stock,5.78,82106.52
1121,2024-03-01,stock,9.41,48098.93
1121,2024-03-31,stock,8.01,23330.96
1122,2024-01-31,stock,0.63,4145.65
1123,2024-01-31,stock,9.99,53116.54
1123,2024-03-01,stablecoin_usdc,3.31,27132.79
1124,2024-01-31,stock,3.62,9157.38
1124,2024-03-01,stock,1.69,9724.3
1124,2024-03-31,stablecoin_usdc,6.25,6559.45
1125,2024-01-31,stock,3.68,24129.93
1125,2024-03-01,stock,6.31,39494.81
1126,2024-01-31,bond,7.12,92303.06
1126,2024-03-01,stablecoin_usdc,0.28,1127.63
1126,2024-03-31,stock,7.15,43977.08
1126,2024-04-30,stock,1.19,15156.71
1127,2024-01-31,bond,2.08,4853.75
1127,2024-03-01,stock,9.02,24944.25
1127,2024-03-31,stablecoin_usdc,8.53,116754.88
1128,2024-01-31,stablecoin_usdc,5.98,65266.09
1128,2024-03-01,stock,4.58,11118.21
1129,2024-01-31,stablecoin_usdc,4.68,24440.61
1129,2024-03-01,bond,5.14,73145.84
1130,2024-01-31,stock,9.54,33619.55
1130,2024-03-01,stablecoin_usdc,8.44,63246.67
1131,2024-01-31,stablecoin_usdc,5.29,21786.77
1131,2024-03-01,stablecoin_usdc,8.23,22320.11
1131,2024-03-31,stablecoin_usdc,3.42,19574.37
1131,2024-04-30,bond,8.71,61391.1
1132,2024-01-31,stablecoin_usdc,2.71,2859.08
1132,2024-03-01,stablecoin_usdc,1.09,12601.78
1132,2024-03-31,stock,5.25,58479.42
1132,2024-04-30,stablecoin_usdc,2.94,35106.14
1133,2024-01-31,stock,6.51,90124.19
1133,2024-03-01,stock,8.13,20533.15
1133,2024-03-31,stock,0.33,1972.22
1134,2024-01-31,stablecoin_usdc,5.15,22758.99
1135,2024-01-31,stablecoin_usdc,8.64,72210.49
1135,2024-03-01,bond,9.62,52836.31
1136,2024-01-31,bond,8.14,94625.64
1136,2024-03-01,stablecoin_usdc,5.2,14717.49
1136,2024-03-31,stablecoin_usdc,2.65,36881.27
1137,2024-01-31,bond,9.5,116649.71
1137,2024-03-01,bond,8.92,88328.01
1137,2024-03-31,stablecoin_usdc,1.75,2568.13
1138,2024-01-31,stablecoin_usdc,9.05,39329.6
1139,2024-01-31,stock,9.7,13095.56
1140,2024-01-31,stablecoin_usdc,3.28,5001.45
1140,2024-03-01,stock,7.03,35902.11
1140,2024-03-31,bond,2.81,5374.68
1140,2024-04-30,stablecoin_usdc,6.06,54672.78
1141,2024-01-31,stablecoin_usdc,2.84,21291.43
1141,2024-03-01,stock,2.89,6029.52
1142,2024-01-31,stablecoin_usdc,7.02,9230.55
1142,2024-03-01,bond,6.18,60136.12
1142,2024-03-31,bond,8.38,22776.39
1142,2024-04-30,stock,5.1,68326.4
1143,2024-01-31,stock,1.09,6468.1
1143,2024-03-01,bond,0.26,3225.84
1144,2024-01-31,stablecoin_usdc,5.85,11907.59
1144,2024-03-01,stock,7.64,53560.19
1145,2024-01-31,stablecoin_usdc,1.77,13067.81
1146,2024-01-31,stablecoin_usdc,3.87,33045.75
1147,2024-01-31,stablecoin_usdc,9.15,36790.78
1147,2024-03-01,stock,3.12,33512.65
1147,2024-03-31,bond,6.91,8957.39
1147,2024-04-30,bond,8.85,101545.2
1148,2024-01-31,bond,4.03,27503.59
1149,2024-01-31,stablecoin_usdc,1.25,11377.57
1149,2024-03-01,bond,0.9,12076.04
1150,2024-01-31,bond,7.51,37183.51
1150,2024-03-01,stablecoin_usdc,4.69,8550.55
1150,2024-03-31,bond,1.07,7764.8
1151,2024-01-31,bond,1.81,9048.75
1151,2024-03-01,stock,8.86,14433.79
1152,2024-01-31,stablecoin_usdc,1.26,4429.79
1153,2024-01-31,stock,5.56,41997.87
1153,2024-03-01,stablecoin_usdc,1.16,6772.23
1153,2024-03-31,stablecoin_usdc,3.39,21525.17
1154,2024-01-31,stock,0.79,3620.06
1154,2024-03-01,stock,8.58,22689.54
1154,2024-03-31,stock,5.65,36019.59
1154,2024-04-30,bond,4.09,8439.49
1155,2024-01-31,bond,2.6,13935.17
1155,2024-03-01,stock,7.56,88082.49
1156,2024-01-31,stock,0.29,4244.18
1156,2024-03-01,bond,2.01,22978.04
1156,2024-03-31,stock,2.72,7669.27
1156,2024-04-30,stablecoin_usdc,2.17,11489.76
1157,2024-01-31,stock,4.55,49686.49
1158,2024-01-31,bond,8.35,116966.03
1158,2024-03-01,stablecoin_usdc,3.29,23464.18
1159,2024-01-31,stock,9.85,122107.76
1160,2024-01-31,bond,0.16,255.83
1161,2024-01-31,stablecoin_usdc,1.23,10414.08
1161,2024-03-01,bond,4.35,50297.31
1161,2024-03-31,bond,4.05,32847.6
1161,2024-04-30,stock,3.39,7406.41
1162,2024-01-31,bond,5.22,10656.98
1162,2024-03-01,stablecoin_usdc,5.7,25545.61
1163,2024-01-31,bond,6.38,29333.98
1163,2024-03-01,stablecoin_usdc,0.2,262.05
1163,2024-03-31,bond,8.01,116170.1
1164,2024-01-31,stablecoin_usdc,9.87,52153.92
1164,2024-03-01,bond,0.52,1685.5
1165,2024-01-31,stablecoin_usdc,3.03,26853.76
1165,2024-03-01,bond,1.04,11699.35
1166,2024-01-31,stock,6.45,80334.54
1166,2024-03-01,bond,6.73,75771.48
1166,2024-03-31,stablecoin_usdc,4.76,62872.06
1166,2024-04-30,stablecoin_usdc,0.77,8026.67
1167,2024-01-31,bond,1.85,11267.96
1168,2024-01-31,stock,9.93,148228.91
1168,2024-03-01,stablecoin_usdc,5.32,17265.41
1168,2024-03-31,stablecoin_usdc,1.14,16549.15
1169,2024-01-31,stock,2.02,6592.09
1169,2024-03-01,stablecoin_usdc,5.2,46674.5
1169,2024-03-31,bond,7.76,69734.55
1170,2024-01-31,stock,5.91,81163.46
1171,2024-01-31,bond,8.08,22856.24
1171,2024-03-01,stablecoin_usdc,2.51,33344.62
1171,2024-03-31,stablecoin_usdc,4.6,56197.92
1172,2024-01-31,stock,9.2,77876.25
1172,2024-03-01,stock,8.72,86122.43
1173,2024-01-31,stock,2.69,6369.5
1173,2024-03-01,stock,5.98,80217.4
1174,2024-01-31,bond,9.82,18485.87
1174,2024-03-01,stablecoin_usdc,8.16,44058.95
1174,2024-03-31,stablecoin_usdc,9.36,57190.06
1175,2024-01-31,bond,7.6,67553.26
1175,2024-03-01,bond,4.13,36760.09
1175,2024-03-31,stablecoin_usdc,7.94,92213.64
1176,2024-01-31,bond,0.25,3081.86
1177,2024-01-31,bond,7.91,22327.73
1178,2024-01-31,stablecoin_usdc,7.29,78884.13
1178,2024-03-01,stock,9.87,64871.61
1178,2024-03-31,bond,4.73,6932.12
1178,2024-04-30,stablecoin_usdc,9.37,114723.83
1179,2024-01-31,bond,1.47,3934.8
1179,2024-03-01,bond,2.25,7596.29
1179,2024-03-31,stablecoin_usdc,1.28,16505.97
1180,2024-01-31,bond,9.59,68928.1
1181,2024-01-31,stock,6.04,35639.29
1181,2024-03-01,stablecoin_usdc,1.33,10625.32
1182,2024-01-31,bond,3.03,5873.33
1183,2024-01-31,stablecoin_usdc,6.95,18783.45
1183,2024-03-01,stablecoin_usdc,9.75,102730.05
1183,2024-03-31,stock,7.05,81699.95
1183,2024-04-30,stock,2.35,5702.2
1184,2024-01-31,bond,6.07,23334.02
1184,2024-03-01,stock,9.16,136012.98
1185,2024-01-31,bond,9.98,44167.55
1185,2024-03-01,stock,7.37,78177.27
1185,2024-03-31,bond,1.07,15741.72
1186,2024-01-31,bond,8.72,9223.84
1186,2024-03-01,stablecoin_usdc,4.71,20450.85
1187,2024-01-31,bond,5.7,11883.37
1187,2024-03-01,stablecoin_usdc,4.46,28143.42
1187,2024-03-31,bond,7.94,54190.37
1188,2024-01-31,stock,4.89,11108.78
1188,2024-03-01,stablecoin_usdc,2.47,32192.47
1188,2024-03-31,stablecoin_usdc,1.82,4326.86
1189,2024-01-31,bond,1.65,17447.72
1189,2024-03-01,stablecoin_usdc,0.59,6325.38
1190,2024-01-31,stablecoin_usdc,8.48,89027.19
1190,2024-03-01,bond,5.16,71173.98
1191,2024-01-31,bond,8.49,45307.9
1191,2024-03-01,stablecoin_usdc,5.53,40602.4
1191,2024-03-31,stablecoin_usdc,4.28,41351.11
1192,2024-01-31,stock,2.54,26692.26
1193,2024-01-31,stablecoin_usdc,3.79,48442.03
1193,2024-03-01,bond,8.62,62629.4
1193,2024-03-31,bond,6.98,85889.15
1194,2024-01-31,bond,1.6,3913.77
1194,2024-03-01,stablecoin_usdc,1.16,7521.66
1194,2024-03-31,stablecoin_usdc,2.83,9772.39
1194,2024-04-30,stablecoin_usdc,0.29,428.43
1195,2024-01-31,bond,8.39,91516.75
1195,2024-03-01,stock,9.78,10415.92
1195,2024-03-31,stablecoin_usdc,5.54,11021.24
1196,2024-01-31,stock,8.93,93941.79
1196,2024-03-01,bond,7.76,65196.43
1196,2024-03-31,bond,1.36,18579.33
1196,2024-04-30,bond,7.94,20755.78
1197,2024-01-31,stock,8.23,34127.32
1198,2024-01-31,bond,2.71,10500.6
1198,2024-03-01,stablecoin_usdc,8.38,28857.72
1198,2024-03-31,stock,3.36,36543.62
1198,2024-04-30,stablecoin_usdc,8.08,41621.15
1199,2024-01-31,stablecoin_usdc,6.71,9176.57
1199,2024-03-01,stablecoin_usdc,4.53,24143.83
1200,2024-01-31,bond,3.45,40013.67
1200,2024-03-01,stablecoin_usdc,2.25,3787.89
1200,2024-03-31,stablecoin_usdc,2.46,31771.6
1201,2024-01-31,stablecoin_usdc,2.15,20917.59
1201,2024-03-01,bond,4.64,56107.16
1201,2024-03-31,stock,7.29,17040.43
1201,2024-04-30,bond,9.83,121090.31
1202,2024-01-31,stablecoin_usdc,2.85,16009.65
1203,2024-01-31,stock,7.59,87234.7
1203,2024-03-01,stablecoin_usdc,4.1,27311.11
1203,2024-03-31,stock,0.27,2443.16
1204,2024-01-31,bond,2.16,5951.53
1204,2024-03-01,stablecoin_usdc,9.31,65140.2
1205,2024-01-31,stablecoin_usdc,9.77,127871.75
1205,2024-03-01,bond,9.73,19029.18
1205,2024-03-31,stock,1.58,22766.96
1205,2024-04-30,stablecoin_usdc,9.21,102560.53
1206,2024-01-31,stock,4.47,46468.22
1206,2024-03-01,stock,5.85,57085.79
1207,2024-01-31,stock,2.19,4468.98
1207,2024-03-01,bond,0.63,1244.51
1207,2024-03-31,bond,6.16,53527.43
1208,2024-01-31,stock,2.52,7355.47
1209,2024-01-31,stablecoin_usdc,6.2,22389.16
1209,2024-03-01,bond,3.46,47053.65
1209,2024-03-31,stock,6.63,44395.13
1210,2024-01-31,stock,9.8,119181.27
1210,2024-03-01,stablecoin_usdc,6.9,34844.68
1210,2024-03-31,stock,3.04,21194.09
1210,2024-04-30,bond,9.55,112937.03
1211,2024-01-31,stablecoin_usdc,7.1,96120.97
1211,2024-03-01,stock,0.86,6555.34
1211,2024-03-31,stablecoin_usdc,4.3,54707.11
1211,2024-04-30,stock,3.07,38461.92
1212,2024-01-31,stablecoin_usdc,3.41,28137.65
1213,2024-01-31,stock,5.83,53063.09
1213,2024-03-01,stock,6.17,29711.24
1213,2024-03-31,stock,2.4,31926.0
1213,2024-04-30,stock,3.54,41347.12
1214,2024-01-31,bond,1.12,14483.07
1214,2024-03-01,bond,5.91,43323.6
1215,2024-01-31,bond,2.17,15936.9
1215,2024-03-01,bond,0.38,459.32
1216,2024-01-31,bond,2.59,18165.45
1217,2024-01-31,stablecoin_usdc,1.47,15328.4
1218,2024-01-31,bond,3.31,27380.37
1218,2024-03-01,stablecoin_usdc,3.98,12559.45
1218,2024-03-31,stock,4.09,58286.73
1219,2024-01-31,stock,3.5,33587.53
1219,2024-03-01,stock,7.56,66131.86
1220,2024-01-31,stock,3.71,49386.94
1220,2024-03-01,stock,6.19,78769.42
1221,2024-01-31,bond,4.3,27895.76
1221,2024-03-01,stablecoin_usdc,4.9,12156.43
1221,2024-03-31,bond,8.91,77515.55
1222,2024-01-31,bond,0.82,9018.12
1222,2024-03-01,bond,6.43,80316.84
1223,2024-01-31,stablecoin_usdc,9.07,33059.7
1224,2024-01-31,bond,0.63,9144.83
1224,2024-03-01,stock,9.14,117549.78
1225,2024-01-31,bond,6.83,36997.08
1226,2024-01-31,bond,1.39,16231.87
1227,2024-01-31,bond,0.22,2986.53
1227,2024-03-01,stock,8.95,106218.09
1227,2024-03-31,bond,6.21,50462.65
1227,2024-04-30,stablecoin_usdc,5.26,68733.56
1228,2024-01-31,bond,1.36,1454.68
1228,2024-03-01,stock,1.11,6212.59
1229,2024-01-31,stablecoin_usdc,0.83,3105.65
1229,2024-03-01,stock,3.43,21639.76
1230,2024-01-31,bond,2.64,34063.8
1230,2024-03-01,bond,6.19,90873.09
1230,2024-03-31,bond,2.2,16771.31
1230,2024-04-30,stock,6.23,52420.68
1231,2024-01-31,stock,9.37,21840.64
1231,2024-03-01,bond,1.42,18912.52
1232,2024-01-31,stock,0.91,8767.07
1232,2024-03-01,stablecoin_usdc,9.7,100395.42
1232,2024-03-31,bond,2.2,13742.33
1232,2024-04-30,stock,8.0,74730.44
1233,2024-01-31,stock,5.65,47850.53
1233,2024-03-01,bond,9.82,66330.13
1234,2024-01-31,stablecoin_usdc,1.09,12944.45
1234,2024-03-01,bond,0.49,2981.87
1235,2024-01-31,bond,1.28,17838.7
1235,2024-03-01,stock,8.39,121238.53
1236,2024-01-31,stablecoin_usdc,0.87,11645.94
1236,2024-03-01,stablecoin_usdc,6.05,62938.16
1236,2024-03-31,stablecoin_usdc,6.5,26154.66
1237,2024-01-31,stock,9.86,39386.17
1237,2024-03-01,stock,7.82,44931.87
1237,2024-03-31,stock,0.21,1466.7
1238,2024-01-31,bond,9.89,74938.8
1238,2024-03-01,stablecoin_usdc,9.82,106324.57
1239,2024-01-31,stock,4.37,62758.03
1239,2024-03-01,bond,9.45,87441.56
1239,2024-03-31,stablecoin_usdc,2.96,22376.22
1240,2024-01-31,stock,8.9,49762.52
1240,2024-03-01,bond,7.22,69331.74
1240,2024-03-31,stock,8.81,114537.09
1240,2024-04-30,stock,6.87,27600.95
1241,2024-01-31,stablecoin_usdc,1.96,2187.88
1241,2024-03-01,stablecoin_usdc,8.95,130001.96
1241,2024-03-31,bond,1.49,13742.47
1242,2024-01-31,stock,5.83,63014.1
1242,2024-03-01,stock,2.03,19450.82
1242,2024-03-31,stablecoin_usdc,8.84,127224.35
1242,2024-04-30,stablecoin_usdc,6.92,87411.51
1243,2024-01-31,stablecoin_usdc,6.96,26449.58
1243,2024-03-01,bond,6.63,36664.47
1243,2024-03-31,stablecoin_usdc,9.46,123982.72
1243,2024-04-30,stock,8.14,25908.47
1244,2024-01-31,bond,0.74,2750.4
1244,2024-03-01,stablecoin_usdc,9.09,37828.41
1244,2024-03-31,bond,3.34,28455.77
1244,2024-04-30,stock,8.13,96185.32
1245,2024-01-31,stock,7.77,44464.71
1246,2024-01-31,stablecoin_usdc,0.87,6928.1
1246,2024-03-01,stock,8.32,49722.75
1246,2024-03-31,bond,7.67,110159.96
1246,2024-04-30,bond,4.03,24905.6
1247,2024-01-31,bond,7.53,14268.78
1248,2024-01-31,stock,5.32,72416.64
1248,2024-03-01,stablecoin_usdc,7.51,17134.0
1248,2024-03-31,stablecoin_usdc,4.95,36558.1
1249,2024-01-31,bond,8.26,109884.54
1250,2024-01-31,bond,6.86,97206.47
1250,2024-03-01,bond,7.41,20726.13
1250,2024-03-31,bond,5.9,66783.44
1250,2024-04-30,bond,5.4,22819.9
1251,2024-01-31,bond,5.33,36015.79
1252,2024-01-31,stock,9.99,20019.43
1252,2024-03-01,stablecoin_usdc,5.81,61566.34
1253,2024-01-31,bond,1.32,11766.79
1253,2024-03-01,stock,9.72,29150.16
1253,2024-03-31,stablecoin_usdc,0.11,1423.85
1254,2024-01-31,bond,6.94,60038.44
1255,2024-01-31,bond,9.36,96589.89
1256,2024-01-31,stablecoin_usdc,5.75,41357.11
1256,2024-03-01,bond,5.22,67979.3
1256,2024-03-31,stablecoin_usdc,0.59,7912.74
1256,2024-04-30,stock,0.25,1364.04
1257,2024-01-31,stablecoin_usdc,3.82,56195.64
1257,2024-03-01,stock,2.52,31902.91
1257,2024-03-31,stock,5.16,16261.43
1258,2024-01-31,bond,0.16,1297.61
1258,2024-03-01,bond,6.98,37116.32
1258,2024-03-31,stock,7.93,59877.99
1259,2024-01-31,bond,7.93,70074.39
1259,2024-03-01,stock,0.95,10657.88
1259,2024-03-31,stock,2.96,10096.73
1259,2024-04-30,bond,7.99,79968.77
1260,2024-01-31,stock,4.38,40851.68
1260,2024-03-01,bond,1.45,12642.01
1260,2024-03-31,stablecoin_usdc,7.08,74502.75
1261,2024-01-31,stablecoin_usdc,3.37,35523.86
1262,2024-01-31,bond,2.2,13729.55
1262,2024-03-01,stablecoin_usdc,7.98,51325.85
1262,2024-03-31,stock,2.28,4347.53
1262,2024-04-30,stablecoin_usdc,2.19,14252.73
1263,2024-01-31,stock,2.34,28315.48
1263,2024-03-01,stablecoin_usdc,5.21,56246.58
1263,2024-03-31,stock,1.43,2914.94
1264,2024-01-31,bond,6.59,56603.82
1264,2024-03-01,stablecoin_usdc,8.42,103515.54
1265,2024-01-31,bond,6.58,41194.95
1265,2024-03-01,stablecoin_usdc,2.33,17603.26
1265,2024-03-31,stock,2.09,27369.38
1266,2024-01-31,stablecoin_usdc,9.9,31755.65
1266,2024-03-01,bond,3.67,54476.48
1266,2024-03-31,stablecoin_usdc,4.73,70046.48
1266,2024-04-30,stablecoin_usdc,6.37,85793.15
1267,2024-01-31,stablecoin_usdc,4.7,63671.74
1268,2024-01-31,stablecoin_usdc,9.16,115406.8
1268,2024-03-01,stablecoin_usdc,0.11,1058.79
1268,2024-03-31,stablecoin_usdc,3.38,48554.03
1268,2024-04-30,bond,0.63,3394.24
1269,2024-01-31,bond,2.01,17123.42
1270,2024-01-31,stablecoin_usdc,0.59,7935.01
1271,2024-01-31,bond,6.21,60625.77
1271,2024-03-01,stock,2.64,6368.85
1271,2024-03-31,bond,3.13,23726.29
1272,2024-01-31,stablecoin_usdc,4.92,14181.4
1272,2024-03-01,stablecoin_usdc,1.24,18456.16
1272,2024-03-31,stock,5.36,56609.65
1273,2024-01-31,bond,8.83,81273.34
1274,2024-01-31,stock,2.56,26866.06
1274,2024-03-01,stablecoin_usdc,7.86,81242.0
1275,2024-01-31,stock,2.92,39737.21
1275,2024-03-01,stock,1.39,20214.03
1276,2024-01-31,stablecoin_usdc,5.09,16617.97
1277,2024-01-31,bond,1.08,9726.32
1277,2024-03-01,stock,1.1,13449.57
1277,2024-03-31,bond,3.87,49487.31
1278,2024-01-31,stablecoin_usdc,0.81,8005.8
1278,2024-03-01,stock,7.67,109457.34
1279,2024-01-31,bond,8.83,87785.98
1279,2024-03-01,bond,0.99,9660.21
1279,2024-03-31,stock,0.41,4402.03
1280,2024-01-31,stablecoin_usdc,8.04,81150.66
1280,2024-03-01,stablecoin_usdc,4.81,36510.99
1280,2024-03-31,stock,3.92,33024.66
1280,2024-04-30,bond,8.97,117751.62
1281,2024-01-31,stablecoin_usdc,2.77,4126.62
1281,2024-03-01,stock,2.86,39270.79
1281,2024-03-31,bond,5.27,66242.89
1281,2024-04-30,bond,1.64,16114.48
1282,2024-01-31,stock,8.61,121994.33
1282,2024-03-01,stablecoin_usdc,4.25,9996.31
1282,2024-03-31,stablecoin_usdc,3.65,50389.39
1282,2024-04-30,bond,0.88,4414.65
1283,2024-01-31,stablecoin_usdc,5.67,27775.94
1283,2024-03-01,stablecoin_usdc,7.22,28985.61
1284,2024-01-31,bond,8.13,55012.17
1284,2024-03-01,bond,5.72,83961.26
1284,2024-03-31,bond,0.62,2711.53
1285,2024-01-31,stock,2.12,22699.96
1286,2024-01-31,stock,4.01,14106.47
1286,2024-03-01,bond,4.61,23368.57
1286,2024-03-31,stablecoin_usdc,8.46,117924.23
1286,2024-04-30,stablecoin_usdc,5.44,65893.28
1287,2024-01-31,stablecoin_usdc,6.07,62913.13
1287,2024-03-01,stablecoin_usdc,4.51,26392.93
1287,2024-03-31,bond,8.64,27909.83
1288,2024-01-31,bond,2.26,21337.26
1288,2024-03-01,stablecoin_usdc,5.87,10115.6
1288,2024-03-31,stock,6.63,73572.26
1288,2024-04-30,stock,8.84,29512.89
1289,2024-01-31,bond,1.37,9816.09
1289,2024-03-01,stablecoin_usdc,2.18,18089.19
1290,2024-01-31,stock,6.43,21996.48
1290,2024-03-01,stock,2.22,24488.5
1290,2024-03-31,stock,7.37,60502.27
1290,2024-04-30,bond,6.99,18576.78
1291,2024-01-31,stock,1.48,9564.34
1291,2024-03-01,stablecoin_usdc,7.36,18561.37
1291,2024-03-31,stock,7.57,84048.31
1292,2024-01-31,stablecoin_usdc,8.78,31025.21
1292,2024-03-01,stablecoin_usdc,4.62,25852.65
1293,2024-01-31,stablecoin_usdc,1.76,18068.98
1293,2024-03-01,stablecoin_usdc,1.01,13961.54
1294,2024-01-31,stablecoin_usdc,0.66,5511.59
1294,2024-03-01,stock,8.39,80394.62
1294,2024-03-31,bond,9.05,123981.78
1295,2024-01-31,stablecoin_usdc,9.27,114580.37
1296,2024-01-31,bond,5.74,30334.92
1296,2024-03-01,stablecoin_usdc,3.97,35073.4
1297,2024-01-31,stock,9.64,135266.66
1297,2024-03-01,stablecoin_usdc,2.41,22270.84
1297,2024-03-31,stablecoin_usdc,0.93,1003.36
1298,2024-01-31,stock,5.68,66340.51
1298,2024-03-01,bond,8.96,40136.36
1298,2024-03-31,stock,3.28,4172.46
1299,2024-01-31,stablecoin_usdc,8.14,102659.96
1299,2024-03-01,stablecoin_usdc,0.64,6523.65
1299,2024-03-31,bond,6.74,69945.47
1300,2024-01-31,stock,3.32,10326.26
1301,2024-01-31,bond,4.26,40836.22
1301,2024-03-01,stablecoin_usdc,6.31,88930.01
1301,2024-03-31,bond,1.7,21286.94
1302,2024-01-31,stablecoin_usdc,6.17,77050.09
1303,2024-01-31,stablecoin_usdc,2.02,7630.9
1303,2024-03-01,stock,9.25,107970.28
1304,2024-01-31,stock,1.29,12628.04
1305,2024-01-31,bond,5.47,66658.21
1305,2024-03-01,stablecoin_usdc,6.98,49011.16
1305,2024-03-31,stock,3.66,18659.2
1306,2024-01-31,stock,7.94,114143.84
1307,2024-01-31,bond,9.53,119441.08
1308,2024-01-31,stablecoin_usdc,6.77,47997.8
1308,2024-03-01,bond,4.36,33253.03
1308,2024-03-31,stock,0.62,7712.3
1309,2024-01-31,stablecoin_usdc,2.45,13551.63
1309,2024-03-01,stock,4.78,54993.63
1309,2024-03-31,bond,5.97,30859.04
1310,2024-01-31,bond,0.13,314.09
1311,2024-01-31,stock,9.62,67123.81
1312,2024-01-31,stock,1.55,13507.38
1312,2024-03-01,bond,2.99,38761.32
1312,2024-03-31,stablecoin_usdc,2.04,23875.94
1313,2024-01-31,stock,6.04,14529.92
1313,2024-03-01,bond,0.87,8486.84
1314,2024-01-31,stablecoin_usdc,2.21,23500.14
1314,2024-03-01,stablecoin_usdc,2.0,9580.24
1314,2024-03-31,stock,2.47,33310.79
1314,2024-04-30,stablecoin_usdc,7.88,67758.77
1315,2024-01-31,bond,1.62,12472.17
1316,2024-01-31,stock,2.33,15729.55
1316,2024-03-01,bond,5.32,30212.36
1316,2024-03-31,stablecoin_usdc,5.7,28958.38
1316,2024-04-30,stock,4.73,19131.81
1317,2024-01-31,bond,9.6,79500.09
1317,2024-03-01,stablecoin_usdc,1.48,19156.48
1318,2024-01-31,bond,7.33,61848.72
1318,2024-03-01,stablecoin_usdc,6.69,73443.17
1318,2024-03-31,bond,5.61,19063.16
1318,2024-04-30,stablecoin_usdc,4.41,42889.92
1319,2024-01-31,bond,5.51,21343.57
1319,2024-03-01,stock,8.68,105255.51
1319,2024-03-31,bond,1.23,2675.65
1319,2024-04-30,stock,0.89,10248.45
1320,2024-01-31,stablecoin_usdc,1.09,9661.12
1320,2024-03-01,stock,1.76,25869.17
1321,2024-01-31,stablecoin_usdc,1.16,9179.29
1321,2024-03-01,stablecoin_usdc,8.88,10243.28
1321,2024-03-31,bond,2.05,26751.77
1321,2024-04-30,stock,8.49,111169.2
1322,2024-01-31,bond,5.79,71701.53
1323,2024-01-31,stock,3.33,30100.54
1323,2024-03-01,bond,9.96,26210.98
1323,2024-03-31,stock,2.51,31987.05
1323,2024-04-30,stablecoin_usdc,6.17,11004.3
1324,2024-01-31,bond,8.72,34779.38
1324,2024-03-01,stock,9.19,41163.77
1324,2024-03-31,stock,4.46,36894.63
1325,2024-01-31,bond,4.58,56996.88
1325,2024-03-01,stablecoin_usdc,5.58,11350.76
1325,2024-03-31,stock,3.73,36196.07
1326,2024-01-31,stock,5.35,72869.7
1326,2024-03-01,bond,6.77,8509.09
1326,2024-03-31,stock,2.15,5475.56
1326,2024-04-30,stablecoin_usdc,5.33,21442.37
1327,2024-01-31,stablecoin_usdc,6.07,8731.73
1328,2024-01-31,bond,3.19,23007.35
1328,2024-03-01,stablecoin_usdc,7.1,103842.12
1328,2024-03-31,stock,5.74,48631.51
1328,2024-04-30,stablecoin_usdc,0.13,180.29
1329,2024-01-31,bond,2.07,3831.09
1329,2024-03-01,stablecoin_usdc,5.93,53065.54
1329,2024-03-31,stock,6.28,27171.66
1329,2024-04-30,bond,1.22,16047.98
1330,2024-01-31,bond,9.82,107241.13
1330,2024-03-01,bond,6.36,11031.08
1330,2024-03-31,bond,7.31,26113.84
1330,2024-04-30,stablecoin_usdc,1.02,14170.25
1331,2024-01-31,stablecoin_usdc,9.09,129334.87
1332,2024-01-31,bond,4.69,6308.92
1333,2024-01-31,stock,5.23,10717.4
1333,2024-03-01,stablecoin_usdc,9.21,129757.53
1334,2024-01-31,stock,8.69,53273.12
1334,2024-03-01,bond,9.75,12094.11
1334,2024-03-31,stock,2.02,8712.09
1335,2024-01-31,stablecoin_usdc,9.66,31425.12
1335,2024-03-01,bond,5.7,56556.93
1336,2024-01-31,stock,1.89,27265.33
1336,2024-03-01,bond,7.66,110632.51
1336,2024-03-31,stock,4.2,61658.35
1336,2024-04-30,stock,8.14,93214.07
1337,2024-01-31,stock,6.35,27872.6
1337,2024-03-01,stablecoin_usdc,0.5,1905.96
1337,2024-03-31,stock,1.21,12724.81
1338,2024-01-31,bond,4.81,24972.46
1339,2024-01-31,stablecoin_usdc,2.68,30924.79
1340,2024-01-31,stock,6.38,80308.32
1341,2024-01-31,stablecoin_usdc,6.45,92557.57
1341,2024-03-01,bond,9.13,31477.96
1341,2024-03-31,bond,5.65,83273.07
1342,2024-01-31,bond,9.28,62200.95
1342,2024-03-01,stablecoin_usdc,3.36,9960.78
1343,2024-01-31,stablecoin_usdc,3.91,17381.19
1343,2024-03-01,bond,2.83,34389.25
1343,2024-03-31,stablecoin_usdc,1.62,17665.24
1344,2024-01-31,stock,2.41,28496.03
1345,2024-01-31,stablecoin_usdc,3.88,31403.3
1345,2024-03-01,bond,4.1,53600.63
1346,2024-01-31,stock,5.49,78549.3
1346,2024-03-01,stablecoin_usdc,9.79,46853.55
1346,2024-03-31,stablecoin_usdc,8.41,119614.0
1346,2024-04-30,stock,1.78,13841.05
1347,2024-01-31,stock,2.35,2484.94
1347,2024-03-01,stablecoin_usdc,1.08,12542.12
1347,2024-03-31,stock,4.07,15042.99
1348,2024-01-31,bond,8.64,106593.21
1348,2024-03-01,bond,9.98,32910.07
1349,2024-01-31,bond,4.67,18061.21
1349,2024-03-01,stock,8.26,96866.01
1349,2024-03-31,bond,7.15,70708.65
1349,2024-04-30,stablecoin_usdc,0.28,3424.54
1350,2024-01-31,bond,0.42,688.02
1351,2024-01-31,stablecoin_usdc,0.97,7478.57
1351,2024-03-01,stock,5.27,29684.44
1352,2024-01-31,stock,9.59,37249.9
1352,2024-03-01,stablecoin_usdc,1.55,16573.69
1352,2024-03-31,stablecoin_usdc,5.56,13728.47
1352,2024-04-30,stablecoin_usdc,1.79,23511.68
1353,2024-01-31,stablecoin_usdc,9.26,119163.39
1353,2024-03-01,stock,5.78,7978.92
1353,2024-03-31,bond,6.57,98094.95
1353,2024-04-30,stock,3.6,44353.84
1354,2024-01-31,bond,4.67,35564.05
1354,2024-03-01,stock,3.88,8857.79
1354,2024-03-31,stablecoin_usdc,5.44,44320.83
1355,2024-01-31,bond,3.78,39383.16
1355,2024-03-01,stablecoin_usdc,8.18,42580.64
1356,2024-01-31,stablecoin_usdc,0.92,2235.98
1357,2024-01-31,stock,5.35,25125.63
1357,2024-03-01,stablecoin_usdc,1.49,12705.35
1357,2024-03-31,stablecoin_usdc,2.14,18445.77
1358,2024-01-31,bond,5.42,74316.21
1358,2024-03-01,stock,5.66,60558.14
1358,2024-03-31,stock,6.64,84113.5
1358,2024-04-30,bond,8.43,34319.82
1359,2024-01-31,stock,7.6,52202.88
1359,2024-03-01,bond,9.61,34746.71
1359,2024-03-31,stock,0.55,1409.34
1359,2024-04-30,stock,9.3,53051.93
1360,2024-01-31,stock,4.27,27843.89
1360,2024-03-01,stock,9.59,122041.17
1361,2024-01-31,stock,0.82,7350.04
1362,2024-01-31,bond,8.51,127172.37
1362,2024-03-01,stock,1.62,18462.2
1363,2024-01-31,stablecoin_usdc,5.86,14026.92
1364,2024-01-31,bond,5.06,21473.67
1364,2024-03-01,stablecoin_usdc,6.32,80672.95
1364,2024-03-31,stablecoin_usdc,9.05,19881.41
1365,2024-01-31,bond,8.46,83261.19
1365,2024-03-01,stock,0.42,3139.71
1365,2024-03-31,bond,6.68,85202.14
1366,2024-01-31,bond,9.82,117592.84
1367,2024-01-31,bond,4.44,18990.18
1367,2024-03-01,stablecoin_usdc,2.58,13820.74
1368,2024-01-31,stock,6.07,18450.1
1368,2024-03-01,stock,0.34,3554.54
1368,2024-03-31,bond,2.79,17793.21
1368,2024-04-30,stablecoin_usdc,9.39,78964.56
1369,2024-01-31,stock,3.45,22704.04
1369,2024-03-01,bond,6.77,38623.51
1370,2024-01-31,bond,2.8,22699.8
1370,2024-03-01,stablecoin_usdc,3.45,17625.02
1370,2024-03-31,stock,8.98,114082.8
1370,2024-04-30,stablecoin_usdc,3.53,5337.28
1371,2024-01-31,bond,7.49,41618.68
1371,2024-03-01,stock,7.2,65783.48
1371,2024-03-31,stablecoin_usdc,6.88,24870.39
1371,2024-04-30,stock,9.59,125358.6
1372,2024-01-31,stock,3.34,11403.85
1372,2024-03-01,stablecoin_usdc,7.15,38889.08
1372,2024-03-31,stock,6.05,18197.73
1372,2024-04-30,stock,8.55,100904.53
1373,2024-01-31,bond,6.25,26840.99
1374,2024-01-31,bond,9.57,127346.73
1374,2024-03-01,stablecoin_usdc,2.99,12802.22
1375,2024-01-31,stablecoin_usdc,1.23,10688.52
1375,2024-03-01,stock,0.72,7295.65
1376,2024-01-31,bond,3.86,49152.68
1376,2024-03-01,stock,1.02,8399.91
1376,2024-03-31,stock,5.41,68680.34
1376,2024-04-30,stablecoin_usdc,2.7,29312.75
1377,2024-01-31,stock,4.7,6018.26
1377,2024-03-01,bond,3.13,23269.1
1378,2024-01-31,bond,6.4,51208.27
1378,2024-03-01,stablecoin_usdc,2.06,15892.59
1378,2024-03-31,bond,7.35,77670.69
1378,2024-04-30,stock,3.46,31139.17
1379,2024-01-31,stock,6.63,11324.42
1380,2024-01-31,stablecoin_usdc,3.03,16866.77
1380,2024-03-01,stock,4.65,48885.93
1380,2024-03-31,stablecoin_usdc,5.15,67374.24
1381,2024-01-31,bond,7.46,96899.71
1382,2024-01-31,bond,3.99,23907.23
1383,2024-01-31,bond,0.54,2871.66
1383,2024-03-01,stock,8.26,72437.35
1383,2024-03-31,stock,2.06,14481.87
1384,2024-01-31,stock,9.02,41958.26
1384,2024-03-01,stablecoin_usdc,8.56,20831.69
1385,2024-01-31,bond,6.79,28726.84
1385,2024-03-01,stock,8.74,45122.98
1385,2024-03-31,stablecoin_usdc,4.84,32355.73
1386,2024-01-31,stock,0.42,5687.56
1386,2024-03-01,bond,7.4,7670.13
1387,2024-01-31,bond,5.93,50528.81
1387,2024-03-01,stock,0.27,2610.61
1387,2024-03-31,stock,5.71,77603.19
1387,2024-04-30,stock,8.15,115456.89
1388,2024-01-31,stock,1.69,19037.63
1389,2024-01-31,stablecoin_usdc,4.52,24048.69
1389,2024-03-01,stock,6.31,21663.39
1390,2024-01-31,stablecoin_usdc,3.37,14275.2
1390,2024-03-01,bond,9.39,104567.02
1391,2024-01-31,stock,7.73,47867.75
1392,2024-01-31,stock,4.17,20496.63
1393,2024-01-31,stablecoin_usdc,4.65,41464.1
1393,2024-03-01,stock,6.53,87236.65
1393,2024-03-31,stablecoin_usdc,8.42,22749.1
1393,2024-04-30,stock,7.9,85294.46
1394,2024-01-31,stock,0.81,9046.09
1395,2024-01-31,stablecoin_usdc,7.05,54114.38
1395,2024-03-01,bond,9.34,38124.12
1395,2024-03-31,stock,2.84,31255.55
1396,2024-01-31,bond,7.73,23184.89
1396,2024-03-01,stock,2.7,15120.78
1397,2024-01-31,bond,9.04,43963.49
1397,2024-03-01,bond,3.97,57322.8
1398,2024-01-31,stock,3.02,35537.28
1398,2024-03-01,bond,3.84,44038.82
1398,2024-03-31,stablecoin_usdc,3.83,4262.09
1399,2024-01-31,stablecoin_usdc,3.94,35724.81
1399,2024-03-01,stock,8.02,80730.57
1399,2024-03-31,stablecoin_usdc,6.0,81040.7
1399,2024-04-30,bond,4.26,53930.76
1400,2024-01-31,stablecoin_usdc,1.21,17990.17
1400,2024-03-01,stablecoin_usdc,0.37,705.15
1400,2024-03-31,stablecoin_usdc,7.55,77077.18
1401,2024-01-31,stock,5.35,68523.69
1402,2024-01-31,stock,4.48,14229.97
1403,2024-01-31,stablecoin_usdc,2.58,14638.38
1404,2024-01-31,bond,0.37,846.24
1404,2024-03-01,stock,4.35,57015.72
1404,2024-03-31,stablecoin_usdc,0.18,1734.12
1404,2024-04-30,stock,5.84,14939.53
1405,2024-01-31,stablecoin_usdc,2.87,12554.66
1405,2024-03-01,stablecoin_usdc,9.45,68214.03
1406,2024-01-31,stablecoin_usdc,6.92,91358.74
1406,2024-03-01,bond,4.1,49143.8
1407,2024-01-31,bond,9.28,100587.04
1407,2024-03-01,stablecoin_usdc,5.11,7423.98
1407,2024-03-31,stock,5.59,57776.61
1407,2024-04-30,stock,7.98,45144.16
1408,2024-01-31,stock,5.0,71201.66
1408,2024-03-01,bond,1.7,6617.37
1408,2024-03-31,bond,5.54,41759.86
1408,2024-04-30,stablecoin_usdc,9.67,141503.29
1409,2024-01-31,stablecoin_usdc,9.47,141707.27
1409,2024-03-01,stock,6.74,72908.08
1409,2024-03-31,stablecoin_usdc,8.33,41221.78
1409,2024-04-30,stablecoin_usdc,0.92,12708.44
1410,2024-01-31,bond,4.0,20954.3
1410,2024-03-01,stablecoin_usdc,1.95,25559.14
1410,2024-03-31,stablecoin_usdc,8.02,101690.21
1410,2024-04-30,stock,0.54,2566.15
1411,2024-01-31,stock,9.25,94942.83
1411,2024-03-01,stock,6.82,62442.04
1411,2024-03-31,stablecoin_usdc,9.41,127961.91
1411,2024-04-30,stock,3.54,30215.81
1412,2024-01-31,bond,2.24,27419.88
1412,2024-03-01,stablecoin_usdc,1.5,14063.22
1413,2024-01-31,stock,0.73,4372.59
1413,2024-03-01,stock,3.23,25112.12
1413,2024-03-31,stablecoin_usdc,4.35,18160.27
1414,2024-01-31,stock,8.52,25843.38
1414,2024-03-01,stablecoin_usdc,6.16,30789.08
1414,2024-03-31,stablecoin_usdc,6.59,61248.81
1414,2024-04-30,stablecoin_usdc,9.95,65728.01
1415,2024-01-31,bond,1.42,5480.78
1415,2024-03-01,stock,9.72,58563.84
1415,2024-03-31,stock,9.07,29341.45
1415,2024-04-30,stablecoin_usdc,2.45,10511.49
1416,2024-01-31,stock,0.68,2166.81
1416,2024-03-01,stock,6.87,65156.05
1417,2024-01-31,stablecoin_usdc,0.67,6670.03
1418,2024-01-31,bond,9.1,34446.19
1419,2024-01-31,stablecoin_usdc,8.86,80738.08
1420,2024-01-31,stock,3.16,42345.47
1420,2024-03-01,bond,7.49,111318.72
1421,2024-01-31,bond,7.49,19009.89
1421,2024-03-01,bond,3.81,17273.53
1421,2024-03-31,stablecoin_usdc,4.88,25252.84
1421,2024-04-30,stock,8.75,105458.25
1422,2024-01-31,stock,6.13,10278.44
1422,2024-03-01,stablecoin_usdc,4.24,37468.95
1423,2024-01-31,bond,9.37,127791.49
1423,2024-03-01,bond,7.54,55009.24
1424,2024-01-31,bond,6.91,56512.13
1424,2024-03-01,stablecoin_usdc,4.6,36333.77
1425,2024-01-31,stock,1.93,11530.65
1425,2024-03-01,stablecoin_usdc,5.25,55362.07
1425,2024-03-31,bond,0.11,972.34
1425,2024-04-30,bond,5.51,48473.0
1426,2024-01-31,bond,3.88,21213.51
1426,2024-03-01,stablecoin_usdc,7.75,34840.4
1426,2024-03-31,bond,0.25,987.02
1426,2024-04-30,stock,8.78,63331.26
1427,2024-01-31,bond,8.97,117165.24
1427,2024-03-01,stock,9.98,135732.13
1427,2024-03-31,stock,2.94,42958.21
1428,2024-01-31,stock,3.8,51079.7
1428,2024-03-01,bond,8.86,68625.12
1429,2024-01-31,stock,8.45,69053.29
1430,2024-01-31,stock,1.88,16967.23
1431,2024-01-31,stablecoin_usdc,4.92,64372.46
1432,2024-01-31,bond,7.65,25703.76
1433,2024-01-31,stock,0.95,13543.34
1433,2024-03-01,bond,3.47,22375.42
1434,2024-01-31,stablecoin_usdc,7.15,81390.25
1434,2024-03-01,stablecoin_usdc,5.85,67887.3
1434,2024-03-31,stock,5.64,25136.53
1435,2024-01-31,stablecoin_usdc,7.99,54187.29
1436,2024-01-31,stablecoin_usdc,7.87,21317.88
1436,2024-03-01,bond,2.36,12834.14
1437,2024-01-31,stablecoin_usdc,9.07,123228.03
1437,2024-03-01,stock,1.51,19733.07
1437,2024-03-31,bond,2.28,32515.49
1438,2024-01-31,stablecoin_usdc,2.27,25175.51
1438,2024-03-01,stock,2.2,12678.94
1439,2024-01-31,stock,9.57,115290.13
1440,2024-01-31,stock,1.94,26642.71
1440,2024-03-01,stablecoin_usdc,4.22,13009.36
1441,2024-01-31,stock,7.87,68416.42
1441,2024-03-01,bond,6.57,15301.85
1441,2024-03-31,stock,3.71,27056.0
1442,2024-01-31,stablecoin_usdc,0.88,4291.43
1443,2024-01-31,stock,2.42,8950.52
1443,2024-03-01,stablecoin_usdc,9.55,19763.64
1443,2024-03-31,stablecoin_usdc,1.92,14409.18
1444,2024-01-31,bond,4.87,8677.05
1445,2024-01-31,bond,7.93,62342.18
1446,2024-01-31,stock,7.61,27929.02
1447,2024-01-31,bond,8.16,95924.63
1448,2024-01-31,bond,8.81,124463.71
1448,2024-03-01,bond,1.16,12482.85
1448,2024-03-31,bond,7.0,104560.98
1448,2024-04-30,stock,2.63,13566.28
1449,2024-01-31,stablecoin_usdc,2.3,25133.79
1449,2024-03-01,bond,9.3,107809.86
1450,2024-01-31,stock,8.39,118576.01
1451,2024-01-31,stock,1.34,12845.01
1452,2024-01-31,stock,2.7,30883.09
1453,2024-01-31,stock,5.99,77320.01
1453,2024-03-01,stock,0.46,4302.9
1454,2024-01-31,stock,8.91,46579.22
1455,2024-01-31,stablecoin_usdc,5.33,25704.16
1455,2024-03-01,stablecoin_usdc,4.7,32609.44
1455,2024-03-31,bond,5.93,27038.03
1455,2024-04-30,stock,1.91,27335.51
1456,2024-01-31,stock,3.94,39157.26
1456,2024-03-01,bond,6.03,26421.04
1456,2024-03-31,stablecoin_usdc,0.83,1233.7
1456,2024-04-30,stablecoin_usdc,0.17,2114.03
1457,2024-01-31,bond,9.93,64932.82
1457,2024-03-01,stock,1.24,3024.96
1457,2024-03-31,stablecoin_usdc,2.29,3190.94
1458,2024-01-31,stablecoin_usdc,9.81,61743.93
1458,2024-03-01,stablecoin_usdc,4.32,12243.76
1458,2024-03-31,stock,1.34,3881.2
1458,2024-04-30,stablecoin_usdc,1.55,4583.05
1459,2024-01-31,stablecoin_usdc,9.85,23122.96
1459,2024-03-01,stablecoin_usdc,1.69,6672.85
1459,2024-03-31,stablecoin_usdc,5.14,41897.52
1460,2024-01-31,stablecoin_usdc,7.55,104131.86
1460,2024-03-01,stock,8.86,98639.56
1460,2024-03-31,bond,5.05,6058.97
1461,2024-01-31,stablecoin_usdc,3.29,29506.19
1461,2024-03-01,bond,6.47,86380.8
1461,2024-03-31,stablecoin_usdc,2.37,9041.77
1462,2024-01-31,stock,2.71,13370.28
1462,2024-03-01,stablecoin_usdc,4.91,36955.92
1462,2024-03-31,stablecoin_usdc,1.12,5094.98
1463,2024-01-31,bond,0.23,888.89
1463,2024-03-01,stock,4.46,20254.85
1464,2024-01-31,stablecoin_usdc,7.27,98404.19
1464,2024-03-01,bond,0.58,3597.58
1465,2024-01-31,stock,1.32,6030.22
1465,2024-03-01,stablecoin_usdc,5.26,58308.88
1466,2024-01-31,stock,3.83,53259.36
1467,2024-01-31,stablecoin_usdc,8.58,36305.83
1467,2024-03-01,stock,5.86,22112.84
1467,2024-03-31,bond,4.79,54854.76
1467,2024-04-30,bond,7.39,103124.61
1468,2024-01-31,stablecoin_usdc,1.81,3021.53
1468,2024-03-01,bond,7.48,73042.81
1468,2024-03-31,stock,1.93,2981.99
1468,2024-04-30,bond,0.71,8111.64
1469,2024-01-31,stock,6.54,25811.81
1469,2024-03-01,stock,9.81,94451.51
1470,2024-01-31,stablecoin_usdc,6.23,31168.6
1470,2024-03-01,bond,8.63,26841.49
1470,2024-03-31,stablecoin_usdc,9.49,56941.96
1471,2024-01-31,bond,7.45,9838.7
1471,2024-03-01,stablecoin_usdc,4.33,36604.01
1472,2024-01-31,stablecoin_usdc,7.06,15633.71
1473,2024-01-31,bond,7.18,14697.21
1474,2024-01-31,bond,7.44,42384.87
1474,2024-03-01,bond,3.57,17233.73
1475,2024-01-31,bond,9.75,89537.19
1476,2024-01-31,bond,2.31,23442.04
1476,2024-03-01,stock,7.65,63385.78
1476,2024-03-31,stablecoin_usdc,5.5,64432.1
1476,2024-04-30,stock,7.92,29571.2
1477,2024-01-31,stablecoin_usdc,3.39,3826.9
1477,2024-03-01,stablecoin_usdc,1.09,7144.42
1478,2024-01-31,stablecoin_usdc,9.6,60549.26
1479,2024-01-31,stablecoin_usdc,2.91,7770.26
1479,2024-03-01,bond,5.79,8294.52
1479,2024-03-31,stock,1.97,11933.08
1480,2024-01-31,stablecoin_usdc,4.3,59424.62
1480,2024-03-01,stock,2.19,10989.52
1480,2024-03-31,stock,5.08,24212.27
1481,2024-01-31,stablecoin_usdc,2.1,4287.23
1481,2024-03-01,stablecoin_usdc,3.94,36837.98
1482,2024-01-31,stablecoin_usdc,9.81,137759.89
1483,2024-01-31,bond,6.97,39839.82
1483,2024-03-01,stablecoin_usdc,2.17,30856.81
1484,2024-01-31,stablecoin_usdc,9.66,29846.18
1484,2024-03-01,stock,5.79,20118.18
1484,2024-03-31,stablecoin_usdc,2.25,20693.69
1485,2024-01-31,stock,6.61,8058.0
1486,2024-01-31,bond,4.95,38815.95
1486,2024-03-01,stablecoin_usdc,8.89,39359.14
1486,2024-03-31,bond,7.71,38886.25
1487,2024-01-31,stock,5.29,15278.83
1487,2024-03-01,bond,4.38,38222.58
1487,2024-03-31,stock,0.83,3034.27
1488,2024-01-31,bond,1.19,11761.94
1488,2024-03-01,bond,0.29,2942.93
1488,2024-03-31,bond,3.37,29256.57
1489,2024-01-31,stablecoin_usdc,0.3,2661.01
1489,2024-03-01,bond,8.24,55077.61
1489,2024-03-31,stock,8.43,25687.06
1490,2024-01-31,bond,4.55,39572.6
1490,2024-03-01,bond,8.81,127727.74
1490,2024-03-31,bond,4.51,19939.35
1490,2024-04-30,bond,1.88,11023.5
1491,2024-01-31,stock,8.07,45377.39
1492,2024-01-31,stablecoin_usdc,3.89,38214.1
1493,2024-01-31,bond,8.03,117319.83
1493,2024-03-01,stock,7.32,32961.22
1494,2024-01-31,bond,5.79,14640.86
1494,2024-03-01,stock,5.46,78582.55
1495,2024-01-31,bond,4.26,62045.3
1495,2024-03-01,stock,7.22,64097.92
1495,2024-03-31,bond,4.41,29478.55
1495,2024-04-30,bond,7.38,37385.26
1496,2024-01-31,stock,7.85,40458.02
1496,2024-03-01,bond,2.96,29541.57
1496,2024-03-31,stablecoin_usdc,1.19,15008.58
1496,2024-04-30,bond,1.95,16747.57
1497,2024-01-31,stock,3.3,19540.6
1498,2024-01-31,stablecoin_usdc,9.86,14213.04
1499,2024-01-31,stablecoin_usdc,3.78,37966.86
1499,2024-03-01,stablecoin_usdc,1.42,20890.39
1499,2024-03-31,stablecoin_usdc,6.94,18012.55
1500,2024-01-31,bond,2.87,4027.24
